id,username,email,password_hash
101,user1,user1@testing.com,x
102,user2,user2@testing.com,x
103,user3,user3@testing.com,x
104,jia1,jia1@testing.com,x
105,jia2,jia2@testing.com,x
106,jia3,jia3@testing.com,x
107,hui1,hui1@testing.com,x
108,hui2,hui2@testing.com,x
109,hui3,hui3@testing.com,x
110,tester1,tester1@testing.com,x
111,tester2,tester2@testing.com,x
112,tester3,tester3@testing.com,x
113,abd1,abd1@testing.com,x
114,abd2,abd2@testing.com,x
115,abd3,abd3@testing.com,x
116,leul1,leul1@testing.com,x
117,leul2,leul2@testing.com,x
118,leul3,leul3@testing.com,x
119,vlad1,vlad1@testing.com,x
120,vlad2,vlad2@testing.com,x
121,vlad3,vlad3@testing.com,x
122,manu1,manu1@testing.com,x
123,manu2,manu2@testing.com,x
124,manu3,manu3@testing.com,x
125,gema1,gema1@testing.com,x
126,gema2,gema2@testing.com,x
127,gema3,gema3@testing.com,x
128,gema4,gema4@testing.com,x
129,gema5,gema5@testing.com,x
130,gema6,gema6@testing.com,x
131,gema7,gema7@testing.com,x
132,gema8,gema8@testing.com,x