id,username,email
101,user1,user1@testing.com
102,user2,user2@testing.com
103,user3,user3@testing.com
104,jia1,jia1@testing.com
105,jia2,jia2@testing.com
106,jia3,jia3@testing.com
107,hui1,hui1@testing.com
108,hui2,hui2@testing.com
109,hui3,hui3@testing.com
110,tester1,tester1@testing.com
111,tester2,tester2@testing.com
112,tester3,tester3@testing.com
113,abd1,abd1@testing.com
114,abd2,abd2@testing.com
115,abd3,abd3@testing.com
116,leul1,leul1@testing.com
117,leul2,leul2@testing.com
118,leul3,leul3@testing.com
119,vlad1,vlad1@testing.com
120,vlad2,vlad2@testing.com
121,vlad3,vlad3@testing.com
122,manu1,manu1@testing.com
123,manu2,manu2@testing.com
124,manu3,manu3@testing.com
125,gema1,gema1@testing.com
126,gema2,gema2@testing.com
127,gema3,gema3@testing.com
128,gema4,gema4@testing.com
129,gema5,gema5@testing.com
130,gema6,gema6@testing.com
131,gema7,gema7@testing.com
132,gema8,gema8@testing.com